class,pos,lemma,deprels,SIP/NSIP,factuality_type,factuality_type_full
announce,VERB,agree,ccomp,SIP,opinion_reporting_ii,SIP_opinion_reporting_ii
announce,VERB,announce,dobj;ccomp,SIP,opinion_reporting_ii,SIP_opinion_reporting_ii
announce,VERB,assure,prep;ccomp,SIP,opinion_reporting_ii,SIP_opinion_reporting_ii
announce,VERB,certify,ccomp,SIP,opinion_reporting_ii,SIP_opinion_reporting_ii
announce,VERB,confirm,ccomp,SIP,opinion_reporting_ii,SIP_opinion_reporting_ii
announce,VERB,convict,prep_of,SIP,opinion_reporting_ii,SIP_opinion_reporting_ii
announce,VERB,declare,xcomp;purpcl;dobj,SIP,opinion_reporting_ii,SIP_opinion_reporting_ii
announce,VERB,deduce,ccomp,SIP,opinion_reporting_ii,SIP_opinion_reporting_ii
announce,VERB,deliver,dobj,SIP,opinion_reporting_ii,SIP_opinion_reporting_ii
announce,VERB,discuss,dobj,SIP,opinion_reporting_ii,SIP_opinion_reporting_ii
announce,VERB,divulge,dobj;ccomp,SIP,opinion_reporting_ii,SIP_opinion_reporting_ii
announce,VERB,ensure,ccomp,SIP,opinion_reporting_ii,SIP_opinion_reporting_ii
announce,VERB,guarantee,dobj;ccomp,SIP,opinion_reporting_ii,SIP_opinion_reporting_ii
announce,VERB,notify,ccomp,SIP,opinion_reporting_ii,SIP_opinion_reporting_ii
announce,VERB,post,dobj,SIP,opinion_reporting_ii,SIP_opinion_reporting_ii
announce,VERB,prove,ccomp,SIP,opinion_reporting_ii,SIP_opinion_reporting_ii
announce,VERB,publish,dobj,SIP,opinion_reporting_ii,SIP_opinion_reporting_ii
announce,VERB,reassure,prep;ccomp,SIP,opinion_reporting_ii,SIP_opinion_reporting_ii
announce,VERB,report,dobj,SIP,opinion_reporting_ii,SIP_opinion_reporting_ii
announce,VERB,rule,ccomp,SIP,opinion_reporting_ii,SIP_opinion_reporting_ii
announce,VERB,show,dobj;ccomp,SIP,opinion_reporting_ii,SIP_opinion_reporting_ii
announce,NOUN,announcement,prep_of;ccomp,SIP,opinion_reporting_ii,SIP_opinion_reporting_ii
announce,NOUN,assurance,prep_of;ccomp,SIP,opinion_reporting_ii,SIP_opinion_reporting_ii
announce,NOUN,certification,prep_of;ccomp,SIP,opinion_reporting_ii,SIP_opinion_reporting_ii
announce,NOUN,confirmation,ccomp,SIP,opinion_reporting_ii,SIP_opinion_reporting_ii
announce,NOUN,discovery,prep_of;ccomp,SIP,opinion_reporting_ii,SIP_opinion_reporting_ii
announce,NOUN,guarantee,ccomp,SIP,opinion_reporting_ii,SIP_opinion_reporting_ii
announce,NOUN,indication,prep_of;ccomp,SIP,opinion_reporting_ii,SIP_opinion_reporting_ii
announce,NOUN,proof,prep_of;ccomp,SIP,opinion_reporting_ii,SIP_opinion_reporting_ii
announce,NOUN,report,prep_of,SIP,opinion_reporting_ii,SIP_opinion_reporting_ii
appear,VERB,appear,ccomp,NSIP,epistemic_ii,NSIP_epistemic_ii
appear,VERB,seem,xcomp;ccomp,NSIP,epistemic_ii,NSIP_epistemic_ii
appear,NOUN,appearance,prep_of;ccomp,NSIP,epistemic_ii,NSIP_epistemic_ii
attempt,VERB,attempt,xcomp;purpcl,NSIP,implicative,NSIP_implicative
attempt,VERB,authorize,dobj,NSIP,implicative,NSIP_implicative
attempt,VERB,dare,xcomp;purpcl,NSIP,implicative,NSIP_implicative
attempt,VERB,intend,xcomp;purpcl,NSIP,implicative,NSIP_implicative
attempt,VERB,invite,purpcl,NSIP,implicative,NSIP_implicative
attempt,VERB,promise,xcomp;purpcl;infmod,NSIP,implicative,NSIP_implicative
attempt,VERB,try,xcomp;purpcl,NSIP,implicative,NSIP_implicative
attempt,NOUN,attempt,xcomp;purpcl;infmod,NSIP,implicative,NSIP_implicative
attempt,NOUN,effort,xcomp;purpcl;infmod,NSIP,implicative,NSIP_implicative
attempt,NOUN,promise,xcomp;purpcl;infmod,NSIP,implicative,NSIP_implicative
attempt,ADJ,available,prep_for,NSIP,implicative,NSIP_implicative
attempt,ADJ,enough,xcomp;purpcl;infmod;advcl,NSIP,implicative,NSIP_implicative
cause,VERB,assist,xcomp;purpcl,NSIP,implicative,NSIP_implicative
cause,VERB,cause,xcomp;purpcl,NSIP,implicative,NSIP_implicative
cause,VERB,ensure,dobj;ccomp,NSIP,implicative,NSIP_implicative
cause,VERB,force,xcomp;purpcl,NSIP,implicative,NSIP_implicative
cause,VERB,grant,ccomp,NSIP,implicative,NSIP_implicative
cause,VERB,guarantee,dobj;ccomp,NSIP,implicative,NSIP_implicative
cause,VERB,help,xcomp;purpcl;ccomp,NSIP,implicative,NSIP_implicative
cause,VERB,implement,dobj,NSIP,implicative,NSIP_implicative
cause,VERB,indicate,ccomp,NSIP,implicative,NSIP_implicative
cause,VERB,lure,dobj,NSIP,implicative,NSIP_implicative
cause,VERB,mean,ccomp,NSIP,implicative,NSIP_implicative
cause,VERB,persuade,dobj,NSIP,implicative,NSIP_implicative
cause,VERB,prove,acomp;ccomp,NSIP,implicative,NSIP_implicative
cause,VERB,reveal,ccomp;dobj,NSIP,implicative,NSIP_implicative
cause,VERB,show,dobj;ccomp,NSIP,implicative,NSIP_implicative
cause,VERB,use,xcomp;purpcl,NSIP,implicative,NSIP_implicative
cause,NOUN,help,xcomp;purpcl;infmod,NSIP,implicative,NSIP_implicative
cause,NOUN,indication,prep_of;ccomp,NSIP,implicative,NSIP_implicative
cause,NOUN,indicator,prep_of;ccomp,NSIP,implicative,NSIP_implicative
cause,NOUN,sign,prep_of;prep;ccomp,NSIP,implicative,NSIP_implicative
cause,ADJ,due,xcomp;purpcl;infmod,NSIP,implicative,NSIP_implicative
certainty,NOUN,certainty,prep_of;prep_about;ccomp,NSIP,epistemic_i,NSIP_epistemic_i
certainty,ADJ,certain,ccomp,NSIP,epistemic_i,NSIP_epistemic_i
certainty,ADJ,sure,ccomp,NSIP,epistemic_i,NSIP_epistemic_i
confirm,VERB,confirm,ccomp,NSIP,epistemic_ii,NSIP_epistemic_ii
confirm,NOUN,confirmation,prep_of,NSIP,epistemic_ii,NSIP_epistemic_ii
confirm,NOUN,proof,prep_of;ccomp,NSIP,epistemic_ii,NSIP_epistemic_ii
confirm,NOUN,recognition,prep_of;ccomp,NSIP,epistemic_ii,NSIP_epistemic_ii
conjecture,VERB,anticipate,ccomp,SIP,opinion_reporting_i,SIP_opinion_reporting_i
conjecture,VERB,assume,ccomp,SIP,opinion_reporting_i,SIP_opinion_reporting_i
conjecture,VERB,caution,prep_about,SIP,opinion_reporting_i,SIP_opinion_reporting_i
conjecture,VERB,concern,ccomp,SIP,opinion_reporting_i,SIP_opinion_reporting_i
conjecture,VERB,conjecture,ccomp,SIP,opinion_reporting_i,SIP_opinion_reporting_i
conjecture,VERB,estimate,prep_at;ccomp,SIP,opinion_reporting_i,SIP_opinion_reporting_i
conjecture,VERB,expect,xcomp;purpcl;dobj;ccomp,SIP,opinion_reporting_i,SIP_opinion_reporting_i
conjecture,VERB,feel,ccomp,SIP,opinion_reporting_i,SIP_opinion_reporting_i
conjecture,VERB,figure,ccomp,SIP,opinion_reporting_i,SIP_opinion_reporting_i
conjecture,VERB,forecast,dobj;ccomp,SIP,opinion_reporting_i,SIP_opinion_reporting_i
conjecture,VERB,foresee,prep_as;dobj,SIP,opinion_reporting_i,SIP_opinion_reporting_i
conjecture,VERB,guess,dobj;ccomp,SIP,opinion_reporting_i,SIP_opinion_reporting_i
conjecture,VERB,intimate,dobj;ccomp,SIP,opinion_reporting_i,SIP_opinion_reporting_i
conjecture,VERB,postulate,dobj,SIP,opinion_reporting_i,SIP_opinion_reporting_i
conjecture,VERB,predict,dobj;ccomp,SIP,opinion_reporting_i,SIP_opinion_reporting_i
conjecture,VERB,presume,xcomp;purpcl;ccomp;dobj,SIP,opinion_reporting_i,SIP_opinion_reporting_i
conjecture,VERB,project,ccomp,SIP,opinion_reporting_i,SIP_opinion_reporting_i
conjecture,VERB,reckon,prep_on,SIP,opinion_reporting_i,SIP_opinion_reporting_i
conjecture,VERB,rumor,dobj;ccomp,SIP,opinion_reporting_i,SIP_opinion_reporting_i
conjecture,VERB,speculate,ccomp,SIP,opinion_reporting_i,SIP_opinion_reporting_i
conjecture,VERB,suggest,dobj;ccomp,SIP,opinion_reporting_i,SIP_opinion_reporting_i
conjecture,VERB,suppose,nsubjpass;ccomp,SIP,opinion_reporting_i,SIP_opinion_reporting_i
conjecture,VERB,suspect,prep_of;dobj;prep;ccomp,SIP,opinion_reporting_i,SIP_opinion_reporting_i
conjecture,VERB,talk,prep_of,SIP,opinion_reporting_i,SIP_opinion_reporting_i
conjecture,VERB,worry,prep_about;ccomp,SIP,opinion_reporting_i,SIP_opinion_reporting_i
conjecture,NOUN,assumption,prep_of;ccomp,SIP,opinion_reporting_i,SIP_opinion_reporting_i
conjecture,NOUN,concern,ccomp,SIP,opinion_reporting_i,SIP_opinion_reporting_i
conjecture,NOUN,conjecture,ccomp,SIP,opinion_reporting_i,SIP_opinion_reporting_i
conjecture,NOUN,estimate,ccomp,SIP,opinion_reporting_i,SIP_opinion_reporting_i
conjecture,NOUN,expectation,ccomp,SIP,opinion_reporting_i,SIP_opinion_reporting_i
conjecture,NOUN,feeling,ccomp,SIP,opinion_reporting_i,SIP_opinion_reporting_i
conjecture,NOUN,hypothesis,ccomp,SIP,opinion_reporting_i,SIP_opinion_reporting_i
conjecture,NOUN,prediction,prep_of;ccomp,SIP,opinion_reporting_i,SIP_opinion_reporting_i
conjecture,NOUN,presumption,prep_of;ccomp,SIP,opinion_reporting_i,SIP_opinion_reporting_i
conjecture,NOUN,suggestion,ccomp,SIP,opinion_reporting_i,SIP_opinion_reporting_i
conjecture,NOUN,supposition,ccomp,SIP,opinion_reporting_i,SIP_opinion_reporting_i
conjecture,NOUN,suspicion,prep_of;ccomp,SIP,opinion_reporting_i,SIP_opinion_reporting_i
conjecture,NOUN,warning,ccomp,SIP,opinion_reporting_i,SIP_opinion_reporting_i
conjecture,ADJ,accused,prep_of;ccomp,SIP,opinion_reporting_i,SIP_opinion_reporting_i
conjecture,ADJ,confident,ccomp,SIP,opinion_reporting_i,SIP_opinion_reporting_i
conjecture,ADJ,presumed,xcomp;purpcl;ccomp,SIP,opinion_reporting_i,SIP_opinion_reporting_i
conjecture,ADJ,worried,prep_about;ccomp,SIP,opinion_reporting_i,SIP_opinion_reporting_i
consider,VERB,consider,xcomp;dobj,NSIP,epistemic_ii,NSIP_epistemic_ii
deny,VERB,deny,ccomp,SIP,opinion_reporting_i,SIP_opinion_reporting_i
deny,VERB,exclude,ccomp,SIP,opinion_reporting_i,SIP_opinion_reporting_i
disclose,VERB,agree,nsubjpass,SIP,presupposition,SIP_presupposition
disclose,VERB,applaud,dobj,SIP,presupposition,SIP_presupposition
disclose,VERB,ask,whycomp,SIP,presupposition,SIP_presupposition
disclose,VERB,assail,prep_for;prep;dobj,SIP,presupposition,SIP_presupposition
disclose,VERB,attack,dobj,SIP,presupposition,SIP_presupposition
disclose,VERB,attribute,dobj,SIP,presupposition,SIP_presupposition
disclose,VERB,believe,nsubjpass,SIP,presupposition,SIP_presupposition
disclose,VERB,cable,prep_about,SIP,presupposition,SIP_presupposition
disclose,VERB,celebrate,dobj;ccomp,SIP,presupposition,SIP_presupposition
disclose,VERB,comment,prep_on,SIP,presupposition,SIP_presupposition
disclose,VERB,complain,prep_about,SIP,presupposition,SIP_presupposition
disclose,VERB,concern,prep_about;dobj,SIP,presupposition,SIP_presupposition
disclose,VERB,condemn,dobj,SIP,presupposition,SIP_presupposition
disclose,VERB,confirm,dobj;nsubjpass,SIP,presupposition,SIP_presupposition
disclose,VERB,criticize,prep_for;dobj;nsubjpass;ccomp,SIP,presupposition,SIP_presupposition
disclose,VERB,declare,nsubjpass,SIP,presupposition,SIP_presupposition
disclose,VERB,decry,dobj,SIP,presupposition,SIP_presupposition
disclose,VERB,defend,dobj,SIP,presupposition,SIP_presupposition
disclose,VERB,delight,xcomp;purpcl;prep_with;prep_about;ccomp,SIP,presupposition,SIP_presupposition
disclose,VERB,demonstrate,dobj,SIP,presupposition,SIP_presupposition
disclose,VERB,denounce,dobj;ccomp,SIP,presupposition,SIP_presupposition
disclose,VERB,deny,dobj,SIP,presupposition,SIP_presupposition
disclose,VERB,deplore,dobj;ccomp,SIP,presupposition,SIP_presupposition
disclose,VERB,describe,nsubjpass;dobj,SIP,presupposition,SIP_presupposition
disclose,VERB,disclose,ccomp,SIP,presupposition,SIP_presupposition
disclose,VERB,disregard,dobj,SIP,presupposition,SIP_presupposition
disclose,VERB,enjoy,xcomp;dobj;ccomp,SIP,presupposition,SIP_presupposition
disclose,VERB,estimate,nsubjpass;dobj,SIP,presupposition,SIP_presupposition
disclose,VERB,exclude,dobj,SIP,presupposition,SIP_presupposition
disclose,VERB,excuse,prep_for;ccomp,SIP,presupposition,SIP_presupposition
disclose,VERB,expect,nsubjpass,SIP,presupposition,SIP_presupposition
disclose,VERB,experience,dobj,SIP,presupposition,SIP_presupposition
disclose,VERB,explain,dobj,SIP,presupposition,SIP_presupposition
disclose,VERB,feel,prep_about;nsubjpass,SIP,presupposition,SIP_presupposition
disclose,VERB,find,nsubjpass,SIP,presupposition,SIP_presupposition
disclose,VERB,forgive,ccomp,SIP,presupposition,SIP_presupposition
disclose,VERB,gloss,prep_over,SIP,presupposition,SIP_presupposition
disclose,VERB,hail,dobj,SIP,presupposition,SIP_presupposition
disclose,VERB,hate,dobj;ccomp,SIP,presupposition,SIP_presupposition
disclose,VERB,hear,nsubjpass,SIP,presupposition,SIP_presupposition
disclose,VERB,inform,ccomp,SIP,presupposition,SIP_presupposition
disclose,VERB,investigate,nsubjpass;ccomp,SIP,presupposition,SIP_presupposition
disclose,VERB,know,whycomp,SIP,presupposition,SIP_presupposition
disclose,VERB,lament,ccomp,SIP,presupposition,SIP_presupposition
disclose,VERB,laugh,prep_at,SIP,presupposition,SIP_presupposition
disclose,VERB,learn,prep_about,SIP,presupposition,SIP_presupposition
disclose,VERB,list,nsubjpass;dobj,SIP,presupposition,SIP_presupposition
disclose,VERB,look,prep_at,SIP,presupposition,SIP_presupposition
disclose,VERB,love,ccomp;dobj,SIP,presupposition,SIP_presupposition
disclose,VERB,mean,nsubjpass,SIP,presupposition,SIP_presupposition
disclose,VERB,notice,whycomp,SIP,presupposition,SIP_presupposition
disclose,VERB,notify,prep_about,SIP,presupposition,SIP_presupposition
disclose,VERB,observe,dobj,SIP,presupposition,SIP_presupposition
disclose,VERB,oppose,nsubjpass,SIP,presupposition,SIP_presupposition
disclose,VERB,please,xcomp;ccomp,SIP,presupposition,SIP_presupposition
disclose,VERB,predict,nsubjpass,SIP,presupposition,SIP_presupposition
disclose,VERB,presume,nsubjpass,SIP,presupposition,SIP_presupposition
disclose,VERB,protest,dobj,SIP,presupposition,SIP_presupposition
disclose,VERB,publish,prep_on;nsubjpass,SIP,presupposition,SIP_presupposition
disclose,VERB,quote,dobj,SIP,presupposition,SIP_presupposition
disclose,VERB,recall,ccomp,SIP,presupposition,SIP_presupposition
disclose,VERB,recognize,prep_as;dobj,SIP,presupposition,SIP_presupposition
disclose,VERB,refer,prep_to,SIP,presupposition,SIP_presupposition
disclose,VERB,regret,dobj;ccomp,SIP,presupposition,SIP_presupposition
disclose,VERB,reject,dobj,SIP,presupposition,SIP_presupposition
disclose,VERB,remember,dobj;whycomp,SIP,presupposition,SIP_presupposition
disclose,VERB,report,prep_on;nsubjpass,SIP,presupposition,SIP_presupposition
disclose,VERB,resent,dobj;ccomp,SIP,presupposition,SIP_presupposition
disclose,VERB,reveal,ccomp,SIP,presupposition,SIP_presupposition
disclose,VERB,rumor,nsubjpass,SIP,presupposition,SIP_presupposition
disclose,VERB,say,nsubjpass,SIP,presupposition,SIP_presupposition
disclose,VERB,see,nsubjpass,SIP,presupposition,SIP_presupposition
disclose,VERB,sketch,dobj,SIP,presupposition,SIP_presupposition
disclose,VERB,specify,ccomp,SIP,presupposition,SIP_presupposition
disclose,VERB,spell,dobj,SIP,presupposition,SIP_presupposition
disclose,VERB,spread,dobj;ccomp,SIP,presupposition,SIP_presupposition
disclose,VERB,support,dobj,SIP,presupposition,SIP_presupposition
disclose,VERB,surprise,xcomp;purpcl;nsubjpass,SIP,presupposition,SIP_presupposition
disclose,VERB,tell,prep_about,SIP,presupposition,SIP_presupposition
disclose,VERB,testify,prep_about,SIP,presupposition,SIP_presupposition
disclose,VERB,thank,dobj,SIP,presupposition,SIP_presupposition
disclose,VERB,value,nsubjpass;dobj,SIP,presupposition,SIP_presupposition
disclose,VERB,view,dobj,SIP,presupposition,SIP_presupposition
disclose,VERB,watch,ccomp,SIP,presupposition,SIP_presupposition
disclose,VERB,welcome,dobj,SIP,presupposition,SIP_presupposition
disclose,VERB,witness,dobj,SIP,presupposition,SIP_presupposition
disclose,VERB,wonder,whycomp,SIP,presupposition,SIP_presupposition
disclose,NOUN,acceptance,prep_of,SIP,presupposition,SIP_presupposition
disclose,NOUN,affirmation,prep_about,SIP,presupposition,SIP_presupposition
disclose,NOUN,comment,prep_on;prep_about,SIP,presupposition,SIP_presupposition
disclose,NOUN,complaint,prep_about,SIP,presupposition,SIP_presupposition
disclose,NOUN,concern,prep_about,SIP,presupposition,SIP_presupposition
disclose,NOUN,disappointment,ccomp,SIP,presupposition,SIP_presupposition
disclose,NOUN,disclose,prep_of;ccomp,SIP,presupposition,SIP_presupposition
disclose,NOUN,estimate,prep_of,SIP,presupposition,SIP_presupposition
disclose,NOUN,laugh,prep_about,SIP,presupposition,SIP_presupposition
disclose,NOUN,pleasure,ccomp,SIP,presupposition,SIP_presupposition
disclose,NOUN,regret,prep_at;ccomp,SIP,presupposition,SIP_presupposition
disclose,NOUN,resentment,prep_about;ccomp,SIP,presupposition,SIP_presupposition
disclose,NOUN,view,prep_of,SIP,presupposition,SIP_presupposition
disclose,ADJ,crazy,xcomp;purpcl;infmod;prep_about;ccomp,SIP,presupposition,SIP_presupposition
disclose,ADJ,delighted,xcomp;prep_with;purpcl;ccomp;prep_about;infmod,SIP,presupposition,SIP_presupposition
disclose,ADJ,exciting,ccomp,SIP,presupposition,SIP_presupposition
disclose,ADJ,glad,"xcomp;prep_with;purpcl;ccomp;prep_about,infmod;prep",SIP,presupposition,SIP_presupposition
disclose,ADJ,happy,"xcomp;prep_with;purpcl;ccomp;prep_about,infmod;prep",SIP,presupposition,SIP_presupposition
disclose,ADJ,interesting,ccomp,SIP,presupposition,SIP_presupposition
disclose,ADJ,pleased,xcomp;infmod;ccomp,SIP,presupposition,SIP_presupposition
disclose,ADJ,presumed,nsubjpass,SIP,presupposition,SIP_presupposition
disclose,ADJ,proud,xcomp;infmod;ccomp,SIP,presupposition,SIP_presupposition
disclose,ADJ,strange,ccomp,SIP,presupposition,SIP_presupposition
disclose,ADJ,sure,prep_about,SIP,presupposition,SIP_presupposition
disclose,ADJ,surprised,xcomp;purpcl;nsubjpass,SIP,presupposition,SIP_presupposition
disclose,ADJ,unfortunate,ccomp,SIP,presupposition,SIP_presupposition
disclose,ADJ,unhappy,"xcomp;prep_over;prep_with;purpcl;ccomp,prep_about;infmod;prep",SIP,presupposition,SIP_presupposition
disclose,ADJ,unknown,whycomp,SIP,presupposition,SIP_presupposition
disclose,ADJ,unsure,prep_about,SIP,presupposition,SIP_presupposition
disclose,ADJ,well-known,nsubj;ccomp,SIP,presupposition,SIP_presupposition
doubt,VERB,doubt,ccomp,SIP,opinion_reporting_i,SIP_opinion_reporting_i
doubt,NOUN,doubt,prep_on;ccomp,SIP,opinion_reporting_i,SIP_opinion_reporting_i
evidence,NOUN,evidence,prep_of;ccomp,NSIP,epistemic_ii,NSIP_epistemic_ii
evidence,ADJ,careful,xcomp,NSIP,epistemic_ii,NSIP_epistemic_ii
evidence,ADJ,evident,ccomp,NSIP,epistemic_ii,NSIP_epistemic_ii
expected,VERB,believe,xcomp,SIP,opinion_reporting_ii,SIP_opinion_reporting_ii
expected,VERB,expected,xcomp;purpcl;ccomp,SIP,opinion_reporting_ii,SIP_opinion_reporting_ii
expected,VERB,thought,xcomp,SIP,opinion_reporting_ii,SIP_opinion_reporting_ii
fail,VERB,avoid,xcomp;purpcl,NSIP,implicative,NSIP_implicative
fail,VERB,cancel,nsubjpass;dobj,NSIP,implicative,NSIP_implicative
fail,VERB,deprive,prep_of,NSIP,implicative,NSIP_implicative
fail,VERB,excuse,prep_from,NSIP,implicative,NSIP_implicative
fail,VERB,fail,xcomp;purpcl,NSIP,implicative,NSIP_implicative
fail,VERB,forestall,dobj,NSIP,implicative,NSIP_implicative
fail,VERB,forget,xcomp,NSIP,implicative,NSIP_implicative
fail,VERB,head,xcomp;purpcl;dobj,NSIP,implicative,NSIP_implicative
fail,VERB,prevent,xcomp;purpcl;prep;prep_from;dobj,NSIP,implicative,NSIP_implicative
fail,VERB,refrain,prep_from,NSIP,implicative,NSIP_implicative
fail,NOUN,cancellation,prep_of,NSIP,implicative,NSIP_implicative
fail,NOUN,failure,prep_of,NSIP,implicative,NSIP_implicative
fail,NOUN,lack,prep_of,NSIP,implicative,NSIP_implicative
fail,ADJ,FALSE,ccomp,NSIP,implicative,NSIP_implicative
fear,VERB,confer,prep_on;dobj,SIP,opinion_reporting_i,SIP_opinion_reporting_i
fear,VERB,consider,xcomp;purpcl;dobj;ccomp,SIP,opinion_reporting_i,SIP_opinion_reporting_i
fear,VERB,fear,dobj;ccomp,SIP,opinion_reporting_i,SIP_opinion_reporting_i
fear,NOUN,fear,prep_of;ccomp,SIP,opinion_reporting_i,SIP_opinion_reporting_i
fear,ADJ,afraid,dobj;ccomp,SIP,opinion_reporting_i,SIP_opinion_reporting_i
forget,VERB,forget,ccomp,SIP,presupposition,SIP_presupposition
hesitate,VERB,delay,dobj,NSIP,implicative,NSIP_implicative
hesitate,VERB,hesitate,xcomp;purpcl,NSIP,implicative,NSIP_implicative
hesitate,VERB,postpone,dobj,NSIP,implicative,NSIP_implicative
hesitate,VERB,stall,dobj,NSIP,implicative,NSIP_implicative
imagine,VERB,imagine,xcomp;ccomp,SIP,opinion_reporting_ii,SIP_opinion_reporting_ii
imagine,NOUN,guess,prep_of;ccomp,SIP,opinion_reporting_ii,SIP_opinion_reporting_ii
imply,VERB,imply,ccomp,SIP,opinion_reporting_i,SIP_opinion_reporting_i
imply,VERB,indicate,dobj;ccomp,SIP,opinion_reporting_i,SIP_opinion_reporting_i
imply,NOUN,implication,ccomp,SIP,opinion_reporting_i,SIP_opinion_reporting_i
impossibility,NOUN,impossibility,xcomp;infmod;ccomp,NSIP,epistemic_i,NSIP_epistemic_i
impossibility,ADJ,impossible,xcomp;infmod;ccomp,NSIP,epistemic_i,NSIP_epistemic_i
improbability,NOUN,improbability,xcomp;infmod;ccomp,NSIP,epistemic_i,NSIP_epistemic_i
improbability,ADJ,improbable,xcomp;infmod;ccomp,NSIP,epistemic_i,NSIP_epistemic_i
improbability,ADJ,inconceivable,ccomp,NSIP,epistemic_i,NSIP_epistemic_i
improbability,ADJ,unlikely,xcomp;infmod;ccomp,NSIP,epistemic_i,NSIP_epistemic_i
know_that,VERB,accept,ccomp,SIP,presupposition,SIP_presupposition
know_that,VERB,account,prep_for;prep,SIP,presupposition,SIP_presupposition
know_that,VERB,acknowledge,ccomp,SIP,presupposition,SIP_presupposition
know_that,VERB,admit,ccomp,SIP,presupposition,SIP_presupposition
know_that,VERB,clear,ccomp,SIP,presupposition,SIP_presupposition
know_that,VERB,concede,ccomp,SIP,presupposition,SIP_presupposition
know_that,VERB,discover,dobj;ccomp,SIP,presupposition,SIP_presupposition
know_that,VERB,emphasize,dobj;ccomp,SIP,presupposition,SIP_presupposition
know_that,VERB,expected,nsubjpass,SIP,presupposition,SIP_presupposition
know_that,VERB,explain,whycomp,SIP,presupposition,SIP_presupposition
know_that,VERB,figure,prep_out,SIP,presupposition,SIP_presupposition
know_that,VERB,find,prep_out;ccomp,SIP,presupposition,SIP_presupposition
know_that,VERB,hear,prep_about;dobj;ccomp,SIP,presupposition,SIP_presupposition
know_that,VERB,ignore,ccomp,SIP,presupposition,SIP_presupposition
know_that,VERB,investigate,dobj,SIP,presupposition,SIP_presupposition
know_that,VERB,know,xcomp;prep_as;dobj;prep_about;prep_of;ccomp,SIP,presupposition,SIP_presupposition
know_that,VERB,learn,ccomp,SIP,presupposition,SIP_presupposition
know_that,VERB,note,ccomp,SIP,presupposition,SIP_presupposition
know_that,VERB,notice,ccomp,SIP,presupposition,SIP_presupposition
know_that,VERB,perceive,ccomp,SIP,presupposition,SIP_presupposition
know_that,VERB,point,ccomp,SIP,presupposition,SIP_presupposition
know_that,VERB,read,prep_about,SIP,presupposition,SIP_presupposition
know_that,VERB,realize,prep_about;ccomp,SIP,presupposition,SIP_presupposition
know_that,VERB,remember,xcomp;prep_about;ccomp,SIP,presupposition,SIP_presupposition
know_that,VERB,say,whycomp,SIP,presupposition,SIP_presupposition
know_that,VERB,see,xcomp;purpcl;dobj;ccomp,SIP,presupposition,SIP_presupposition
know_that,VERB,shout,whycomp,SIP,presupposition,SIP_presupposition
know_that,VERB,signal,ccomp,SIP,presupposition,SIP_presupposition
know_that,VERB,stress,dobj;ccomp,SIP,presupposition,SIP_presupposition
know_that,VERB,understand,ccomp,SIP,presupposition,SIP_presupposition
know_that,VERB,warn,ccomp,SIP,presupposition,SIP_presupposition
know_that,VERB,account,prep_of,SIP,presupposition,SIP_presupposition
know_that,VERB,confirmation,prep_of,SIP,presupposition,SIP_presupposition
know_that,VERB,conjecture,prep_about,SIP,presupposition,SIP_presupposition
know_that,VERB,signal,ccomp,SIP,presupposition,SIP_presupposition
know_that,VERB,understanding,prep_of;ccomp,SIP,presupposition,SIP_presupposition
know_that,VERB,aware,prep_of;prep;ccomp,SIP,presupposition,SIP_presupposition
know_if,VERB,calculate,ifcomp,SIP,opinion_reporting_i,SIP_opinion_reporting_i
know_if,VERB,know,ifcomp,SIP,opinion_reporting_i,SIP_opinion_reporting_i
know_if,VERB,notice,ifcomp,SIP,opinion_reporting_i,SIP_opinion_reporting_i
know_if,VERB,remember,ifcomp,SIP,opinion_reporting_i,SIP_opinion_reporting_i
know_if,VERB,say,ifcomp,SIP,opinion_reporting_i,SIP_opinion_reporting_i
know_if,VERB,see,ifcomp,SIP,opinion_reporting_i,SIP_opinion_reporting_i
know_if,VERB,shout,ifcomp,SIP,opinion_reporting_i,SIP_opinion_reporting_i
know_if,NOUN,indication,ifcomp,SIP,opinion_reporting_i,SIP_opinion_reporting_i
know_if,ADJ,certain,ifcomp,SIP,opinion_reporting_i,SIP_opinion_reporting_i
know_if,ADJ,unknown,ifcomp,SIP,opinion_reporting_i,SIP_opinion_reporting_i
lookLike,VERB,appear,ccomp,SIP,opinion_reporting_i,SIP_opinion_reporting_i
lookLike,VERB,look,ccomp,SIP,opinion_reporting_i,SIP_opinion_reporting_i
manage,VERB,accept,dobj,NSIP,implicative,NSIP_implicative
manage,VERB,accomplish,xcomp;dobj,NSIP,implicative,NSIP_implicative
manage,VERB,achieve,xcomp;dobj,NSIP,implicative,NSIP_implicative
manage,VERB,acquire,dobj,NSIP,implicative,NSIP_implicative
manage,VERB,agree,xcomp;purpcl;prep_on,NSIP,implicative,NSIP_implicative
manage,VERB,allow,xcomp;purpcl,NSIP,implicative,NSIP_implicative
manage,VERB,approach,dobj,NSIP,implicative,NSIP_implicative
manage,VERB,become,dobj,NSIP,implicative,NSIP_implicative
manage,VERB,begin,xcomp;purpcl;dobj,NSIP,implicative,NSIP_implicative
manage,VERB,bother,xcomp;purpcl,NSIP,implicative,NSIP_implicative
manage,VERB,carry,dobj,NSIP,implicative,NSIP_implicative
manage,VERB,choose,xcomp;purpcl,NSIP,implicative,NSIP_implicative
manage,VERB,commit,xcomp;purpcl;prep;prep_to,NSIP,implicative,NSIP_implicative
manage,VERB,complete,xcomp;purpcl;dobj,NSIP,implicative,NSIP_implicative
manage,VERB,convince,xcomp;purpcl,NSIP,implicative,NSIP_implicative
manage,VERB,decide,xcomp;purpcl,NSIP,implicative,NSIP_implicative
manage,VERB,develop,dobj,NSIP,implicative,NSIP_implicative
manage,VERB,elect,xcomp;purpcl,NSIP,implicative,NSIP_implicative
manage,VERB,enable,xcomp;purpcl,NSIP,implicative,NSIP_implicative
manage,VERB,face,dobj,NSIP,implicative,NSIP_implicative
manage,VERB,finish,xcomp;purpcl;dobj,NSIP,implicative,NSIP_implicative
manage,VERB,happen,ccomp,NSIP,implicative,NSIP_implicative
manage,VERB,hold,dobj,NSIP,implicative,NSIP_implicative
manage,VERB,keep,xcomp;purpcl,NSIP,implicative,NSIP_implicative
manage,VERB,launch,dobj,NSIP,implicative,NSIP_implicative
manage,VERB,lead,xcomp;purpcl,NSIP,implicative,NSIP_implicative
manage,VERB,let,ccomp,NSIP,implicative,NSIP_implicative
manage,VERB,manage,xcomp;purpcl,NSIP,implicative,NSIP_implicative
manage,VERB,name,xcomp;purpcl,NSIP,implicative,NSIP_implicative
manage,VERB,offer,dobj,NSIP,implicative,NSIP_implicative
manage,VERB,open,dobj,NSIP,implicative,NSIP_implicative
manage,VERB,remember,xcomp;purpcl,NSIP,implicative,NSIP_implicative
manage,VERB,result,prep;prep_in;ccomp,NSIP,implicative,NSIP_implicative
manage,VERB,spark,dobj,NSIP,implicative,NSIP_implicative
manage,VERB,start,xcomp;purpcl;dobj,NSIP,implicative,NSIP_implicative
manage,VERB,suffer,dobj,NSIP,implicative,NSIP_implicative
manage,VERB,turn,prep_out;ccomp,NSIP,implicative,NSIP_implicative
manage,NOUN,accomplishment,prep_of,NSIP,implicative,NSIP_implicative
manage,NOUN,achievement,prep_of,NSIP,implicative,NSIP_implicative
manage,NOUN,beginning,prep_of,NSIP,implicative,NSIP_implicative
manage,NOUN,close,prep_of;prep,NSIP,implicative,NSIP_implicative
manage,NOUN,closing,prep_of;prep,NSIP,implicative,NSIP_implicative
manage,NOUN,commitment,xcomp;purpcl;infmod;prep_to;prep,NSIP,implicative,NSIP_implicative
manage,NOUN,completion,prep_of,NSIP,implicative,NSIP_implicative
manage,NOUN,effect,prep_of,NSIP,implicative,NSIP_implicative
manage,NOUN,end,prep_of;prep,NSIP,implicative,NSIP_implicative
manage,NOUN,ending,prep_of;prep,NSIP,implicative,NSIP_implicative
manage,NOUN,opening,prep_of,NSIP,implicative,NSIP_implicative
manage,NOUN,outcome,prep_of,NSIP,implicative,NSIP_implicative
manage,NOUN,ratification,prep_of,NSIP,implicative,NSIP_implicative
manage,NOUN,result,prep_of,NSIP,implicative,NSIP_implicative
manage,ADJ,successful,prep_at;prep_in,NSIP,implicative,NSIP_implicative
manage,ADJ,TRUE,ccomp,NSIP,implicative,NSIP_implicative
possibility,VERB,chance,prep_of;prep,NSIP,epistemic_i,NSIP_epistemic_i
possibility,NOUN,chance,xcomp;purpcl;prep_to;infmod;prep_of;prep,NSIP,epistemic_i,NSIP_epistemic_i
possibility,NOUN,possibility,prep_of;xcomp;prep;purpcl;infmod,NSIP,epistemic_i,NSIP_epistemic_i
possibility,ADJ,able,xcomp,NSIP,epistemic_i,NSIP_epistemic_i
possibility,ADJ,possible,xcomp;ccomp,NSIP,epistemic_i,NSIP_epistemic_i
pretend,VERB,pretend,ccomp,SIP,presupposition,SIP_presupposition
pretend,VERB,purport,xcomp,SIP,presupposition,SIP_presupposition
probability,NOUN,encouragement,xcomp;prep_for;infmod;purpcl,NSIP,epistemic_i,NSIP_epistemic_i
probability,NOUN,likelihood,prep_of;ccomp,NSIP,epistemic_i,NSIP_epistemic_i
probability,NOUN,probability,ccomp,NSIP,epistemic_i,NSIP_epistemic_i
probability,ADJ,likely,xcomp;ccomp,NSIP,epistemic_i,NSIP_epistemic_i
probability,ADJ,probable,xcomp;ccomp,NSIP,epistemic_i,NSIP_epistemic_i
refuse,VERB,block,prep_from,NSIP,implicative,NSIP_implicative
refuse,VERB,decide,prep_against,NSIP,implicative,NSIP_implicative
refuse,VERB,decline,xcomp;purpcl,NSIP,implicative,NSIP_implicative
refuse,VERB,forbid,xcomp;purpcl;prep_from;prep,NSIP,implicative,NSIP_implicative
refuse,VERB,refuse,xcomp;purpcl,NSIP,implicative,NSIP_implicative
refuse,NOUN,prohibition,xcomp;purpcl;prep_from,NSIP,implicative,NSIP_implicative
say,VERB,according,according,SIP,opinion_reporting_i,SIP_opinion_reporting_i
say,VERB,accuse,prep_of,SIP,opinion_reporting_i,SIP_opinion_reporting_i
say,VERB,add,ccomp,SIP,opinion_reporting_i,SIP_opinion_reporting_i
say,VERB,affirm,ccomp,SIP,opinion_reporting_i,SIP_opinion_reporting_i
say,VERB,allege,ccomp,SIP,opinion_reporting_i,SIP_opinion_reporting_i
say,VERB,answer,ccomp,SIP,opinion_reporting_i,SIP_opinion_reporting_i
say,VERB,argue,ccomp,SIP,opinion_reporting_i,SIP_opinion_reporting_i
say,VERB,assert,ccomp,SIP,opinion_reporting_i,SIP_opinion_reporting_i
say,VERB,assume,dobj,SIP,opinion_reporting_i,SIP_opinion_reporting_i
say,VERB,attribute,xcomp;prep_to;prep_on,SIP,opinion_reporting_i,SIP_opinion_reporting_i
say,VERB,bet,ccomp,SIP,opinion_reporting_i,SIP_opinion_reporting_i
say,VERB,brim,ccomp,SIP,opinion_reporting_i,SIP_opinion_reporting_i
say,VERB,calculate,ccomp,SIP,opinion_reporting_i,SIP_opinion_reporting_i
say,VERB,call,xcomp;purpcl;dobj,SIP,opinion_reporting_i,SIP_opinion_reporting_i
say,VERB,chant,ccomp,SIP,opinion_reporting_i,SIP_opinion_reporting_i
say,VERB,charge,prep_with;ccomp,SIP,opinion_reporting_i,SIP_opinion_reporting_i
say,VERB,choose,ccomp,SIP,opinion_reporting_i,SIP_opinion_reporting_i
say,VERB,cite,prep_as;dobj,SIP,opinion_reporting_i,SIP_opinion_reporting_i
say,VERB,claim,ccomp;dobj,SIP,opinion_reporting_i,SIP_opinion_reporting_i
say,VERB,complain,ccomp,SIP,opinion_reporting_i,SIP_opinion_reporting_i
say,VERB,conclude,ccomp,SIP,opinion_reporting_i,SIP_opinion_reporting_i
say,VERB,counter,ccomp,SIP,opinion_reporting_i,SIP_opinion_reporting_i
say,VERB,decide,ccomp,SIP,opinion_reporting_i,SIP_opinion_reporting_i
say,VERB,declare,ccomp,SIP,opinion_reporting_i,SIP_opinion_reporting_i
say,VERB,defend,ccomp,SIP,opinion_reporting_i,SIP_opinion_reporting_i
say,VERB,describe,prep_as,SIP,opinion_reporting_i,SIP_opinion_reporting_i
say,VERB,establish,dobj;ccomp,SIP,opinion_reporting_i,SIP_opinion_reporting_i
say,VERB,explain,ccomp,SIP,opinion_reporting_i,SIP_opinion_reporting_i
say,VERB,express,dobj;ccomp,SIP,opinion_reporting_i,SIP_opinion_reporting_i
say,VERB,hold,dobj,SIP,opinion_reporting_i,SIP_opinion_reporting_i
say,VERB,indicate,ifcomp,SIP,opinion_reporting_i,SIP_opinion_reporting_i
say,VERB,indict,prep_as,SIP,opinion_reporting_i,SIP_opinion_reporting_i
say,VERB,insist,ccomp,SIP,opinion_reporting_i,SIP_opinion_reporting_i
say,VERB,list,prep_as;prep,SIP,opinion_reporting_i,SIP_opinion_reporting_i
say,VERB,maintain,ccomp,SIP,opinion_reporting_i,SIP_opinion_reporting_i
say,VERB,mention,ccomp,SIP,opinion_reporting_i,SIP_opinion_reporting_i
say,VERB,object,ccomp,SIP,opinion_reporting_i,SIP_opinion_reporting_i
say,VERB,observe,ccomp,SIP,opinion_reporting_i,SIP_opinion_reporting_i
say,VERB,persuade,ccomp,SIP,opinion_reporting_i,SIP_opinion_reporting_i
say,VERB,plead,acomp,SIP,opinion_reporting_i,SIP_opinion_reporting_i
say,VERB,publish,prep_as;ccomp,SIP,opinion_reporting_i,SIP_opinion_reporting_i
say,VERB,quote,prep_as;prep_at;prep,SIP,opinion_reporting_i,SIP_opinion_reporting_i
say,VERB,read,ccomp,SIP,opinion_reporting_i,SIP_opinion_reporting_i
say,VERB,reason,ccomp,SIP,opinion_reporting_i,SIP_opinion_reporting_i
say,VERB,refer,prep_as;prep,SIP,opinion_reporting_i,SIP_opinion_reporting_i
say,VERB,reply,ccomp,SIP,opinion_reporting_i,SIP_opinion_reporting_i
say,VERB,report,prep_as;ccomp,SIP,opinion_reporting_i,SIP_opinion_reporting_i
say,VERB,say,xcomp;purpcl;advmod;ccomp;tmod,SIP,opinion_reporting_i,SIP_opinion_reporting_i
say,VERB,shout,xcomp;purpcl;ccomp,SIP,opinion_reporting_i,SIP_opinion_reporting_i
say,VERB,sigh,ccomp,SIP,opinion_reporting_i,SIP_opinion_reporting_i
say,VERB,sign,ccomp,SIP,opinion_reporting_i,SIP_opinion_reporting_i
say,VERB,sound,ccomp,SIP,opinion_reporting_i,SIP_opinion_reporting_i
say,VERB,state,ccomp,SIP,opinion_reporting_i,SIP_opinion_reporting_i
say,VERB,swear,xcomp;purpcl;ccomp,SIP,opinion_reporting_i,SIP_opinion_reporting_i
say,VERB,tell,ccomp,SIP,opinion_reporting_i,SIP_opinion_reporting_i
say,VERB,term,dobj,SIP,opinion_reporting_i,SIP_opinion_reporting_i
say,VERB,testify,ccomp,SIP,opinion_reporting_i,SIP_opinion_reporting_i
say,VERB,view,prep_as,SIP,opinion_reporting_i,SIP_opinion_reporting_i
say,VERB,write,ccomp,SIP,opinion_reporting_i,SIP_opinion_reporting_i
say,VERB,yell,ccomp,SIP,opinion_reporting_i,SIP_opinion_reporting_i
say,NOUN,accusation,ccomp,SIP,opinion_reporting_i,SIP_opinion_reporting_i
say,NOUN,affirmation,ccomp,SIP,opinion_reporting_i,SIP_opinion_reporting_i
say,NOUN,assertion,ccomp,SIP,opinion_reporting_i,SIP_opinion_reporting_i
say,NOUN,belief,ccomp,SIP,opinion_reporting_i,SIP_opinion_reporting_i
say,NOUN,call,dobj,SIP,opinion_reporting_i,SIP_opinion_reporting_i
say,NOUN,charge,prep_of;prep_with;ccomp,SIP,opinion_reporting_i,SIP_opinion_reporting_i
say,NOUN,claim,ccomp,SIP,opinion_reporting_i,SIP_opinion_reporting_i
say,NOUN,complaint,ccomp,SIP,opinion_reporting_i,SIP_opinion_reporting_i
say,NOUN,conclusion,ccomp,SIP,opinion_reporting_i,SIP_opinion_reporting_i
say,NOUN,declaration,ccomp,SIP,opinion_reporting_i,SIP_opinion_reporting_i
say,NOUN,news,prep_about;prep,SIP,opinion_reporting_i,SIP_opinion_reporting_i
say,NOUN,objection,ccomp,SIP,opinion_reporting_i,SIP_opinion_reporting_i
say,NOUN,perception,ccomp,SIP,opinion_reporting_i,SIP_opinion_reporting_i
say,NOUN,remark,ccomp,SIP,opinion_reporting_i,SIP_opinion_reporting_i
say,NOUN,report,ccomp,SIP,opinion_reporting_i,SIP_opinion_reporting_i
say,NOUN,sign,ccomp,SIP,opinion_reporting_i,SIP_opinion_reporting_i
say,ADJ,alleged,infmod,SIP,opinion_reporting_i,SIP_opinion_reporting_i
say,ADJ,evident,ccomp,SIP,opinion_reporting_i,SIP_opinion_reporting_i
skeptical,ADJ,skeptical,ccomp,SIP,opinion_reporting_i,SIP_opinion_reporting_i
stop,VERB,accept,nsubjpass,NSIP,presupposition,NSIP_presupposition
stop,VERB,account,prep_for;prep;dobj,NSIP,presupposition,NSIP_presupposition
stop,VERB,adopt,dobj,NSIP,presupposition,NSIP_presupposition
stop,VERB,appeal,prep_to;dobj,NSIP,presupposition,NSIP_presupposition
stop,VERB,approve,dobj,NSIP,presupposition,NSIP_presupposition
stop,VERB,assume,dobj,NSIP,presupposition,NSIP_presupposition
stop,VERB,avoid,dobj,NSIP,presupposition,NSIP_presupposition
stop,VERB,bid,prep_for,NSIP,presupposition,NSIP_presupposition
stop,VERB,block,xcomp;purpcl;dobj,NSIP,presupposition,NSIP_presupposition
stop,VERB,break,dobj,NSIP,presupposition,NSIP_presupposition
stop,VERB,challenge,dobj,NSIP,presupposition,NSIP_presupposition
stop,VERB,continue,xcomp;purpcl;dobj,NSIP,presupposition,NSIP_presupposition
stop,VERB,control,dobj,NSIP,presupposition,NSIP_presupposition
stop,VERB,cover,dobj,NSIP,presupposition,NSIP_presupposition
stop,VERB,decline,dobj,NSIP,presupposition,NSIP_presupposition
stop,VERB,deflect,dobj,NSIP,presupposition,NSIP_presupposition
stop,VERB,design,dobj,NSIP,presupposition,NSIP_presupposition
stop,VERB,destroy,dobj,NSIP,presupposition,NSIP_presupposition
stop,VERB,devote,prep_to,NSIP,presupposition,NSIP_presupposition
stop,VERB,distort,dobj,NSIP,presupposition,NSIP_presupposition
stop,VERB,ease,dobj,NSIP,presupposition,NSIP_presupposition
stop,VERB,end,xcomp;purpcl;dobj,NSIP,presupposition,NSIP_presupposition
stop,VERB,expand,nsubjpass;dobj,NSIP,presupposition,NSIP_presupposition
stop,VERB,explore,dobj,NSIP,presupposition,NSIP_presupposition
stop,VERB,extend,dobj,NSIP,presupposition,NSIP_presupposition
stop,VERB,halt,dobj,NSIP,presupposition,NSIP_presupposition
stop,VERB,handle,dobj,NSIP,presupposition,NSIP_presupposition
stop,VERB,impose,dobj,NSIP,presupposition,NSIP_presupposition
stop,VERB,improve,dobj,NSIP,presupposition,NSIP_presupposition
stop,VERB,increase,dobj,NSIP,presupposition,NSIP_presupposition
stop,VERB,keep,dobj,NSIP,presupposition,NSIP_presupposition
stop,VERB,last,nsubj,NSIP,presupposition,NSIP_presupposition
stop,VERB,link,prep_to;xcomp;purpcl,NSIP,presupposition,NSIP_presupposition
stop,VERB,listen,prep_to;xcomp;purpcl,NSIP,presupposition,NSIP_presupposition
stop,VERB,maintain,dobj,NSIP,presupposition,NSIP_presupposition
stop,VERB,meet,dobj,NSIP,presupposition,NSIP_presupposition
stop,VERB,move,dobj,NSIP,presupposition,NSIP_presupposition
stop,VERB,nullify,dobj,NSIP,presupposition,NSIP_presupposition
stop,VERB,organize,dobj,NSIP,presupposition,NSIP_presupposition
stop,VERB,price,prep_at,NSIP,presupposition,NSIP_presupposition
stop,VERB,protect,nsubjpass;dobj,NSIP,presupposition,NSIP_presupposition
stop,VERB,provide,dobj,NSIP,presupposition,NSIP_presupposition
stop,VERB,rebut,dobj,NSIP,presupposition,NSIP_presupposition
stop,VERB,refer,prep_to;xcomp,NSIP,presupposition,NSIP_presupposition
stop,VERB,reject,dobj,NSIP,presupposition,NSIP_presupposition
stop,VERB,relate,prep_to,NSIP,presupposition,NSIP_presupposition
stop,VERB,remain,nsubj,NSIP,presupposition,NSIP_presupposition
stop,VERB,renounce,dobj,NSIP,presupposition,NSIP_presupposition
stop,VERB,respond,prep_to;prep_close_to;,NSIP,presupposition,NSIP_presupposition
stop,VERB,resume,xcomp;purpcl;dobj,NSIP,presupposition,NSIP_presupposition
stop,VERB,settle,dobj,NSIP,presupposition,NSIP_presupposition
stop,VERB,solve,nsubjpass;dobj,NSIP,presupposition,NSIP_presupposition
stop,VERB,staunch,dobj,NSIP,presupposition,NSIP_presupposition
stop,VERB,stop,prep_from;dobj,NSIP,presupposition,NSIP_presupposition
stop,VERB,suspend,dobj,NSIP,presupposition,NSIP_presupposition
stop,VERB,symbolize,dobj,NSIP,presupposition,NSIP_presupposition
stop,VERB,thank,dobj,NSIP,presupposition,NSIP_presupposition
stop,VERB,withdraw,dobj,NSIP,presupposition,NSIP_presupposition
stop,NOUN,acquisition,prep_of,NSIP,presupposition,NSIP_presupposition
stop,NOUN,adoption,prep_of,NSIP,presupposition,NSIP_presupposition
stop,NOUN,anniversary,prep_of,NSIP,presupposition,NSIP_presupposition
stop,NOUN,approach,dobj,NSIP,presupposition,NSIP_presupposition
stop,NOUN,approval,prep_of,NSIP,presupposition,NSIP_presupposition
stop,NOUN,bid,prep_for,NSIP,presupposition,NSIP_presupposition
stop,NOUN,boost,prep_of;prep_from,NSIP,presupposition,NSIP_presupposition
stop,NOUN,break,prep_of,NSIP,presupposition,NSIP_presupposition
stop,NOUN,breakup,prep_of,NSIP,presupposition,NSIP_presupposition
stop,NOUN,cease,prep_of,NSIP,presupposition,NSIP_presupposition
stop,NOUN,challenge,prep_of,NSIP,presupposition,NSIP_presupposition
stop,NOUN,change,prep_of,NSIP,presupposition,NSIP_presupposition
stop,NOUN,compliance,prep_with,NSIP,presupposition,NSIP_presupposition
stop,NOUN,conversation,prep_about,NSIP,presupposition,NSIP_presupposition
stop,NOUN,coordination,prep_of,NSIP,presupposition,NSIP_presupposition
stop,NOUN,criticism,prep_of;prep,NSIP,presupposition,NSIP_presupposition
stop,NOUN,decline,prep_of,NSIP,presupposition,NSIP_presupposition
stop,NOUN,decrease,prep_of,NSIP,presupposition,NSIP_presupposition
stop,NOUN,destruction,prep_of,NSIP,presupposition,NSIP_presupposition
stop,NOUN,exploration,prep_of,NSIP,presupposition,NSIP_presupposition
stop,NOUN,extension,prep_of,NSIP,presupposition,NSIP_presupposition
stop,NOUN,fact,prep_of;ccomp,NSIP,presupposition,NSIP_presupposition
stop,NOUN,help,dobj,NSIP,presupposition,NSIP_presupposition
stop,NOUN,improvement,prep_of,NSIP,presupposition,NSIP_presupposition
stop,NOUN,increase,prep_of,NSIP,presupposition,NSIP_presupposition
stop,NOUN,reference,prep_to;xcomp;infmod,NSIP,presupposition,NSIP_presupposition
stop,NOUN,rejection,prep_of,NSIP,presupposition,NSIP_presupposition
stop,NOUN,responsibility,prep_of;prep_for,NSIP,presupposition,NSIP_presupposition
stop,NOUN,settlement,prep_of,NSIP,presupposition,NSIP_presupposition
stop,NOUN,thanks,prep_to,NSIP,presupposition,NSIP_presupposition
stop,NOUN,view,prep_of,NSIP,presupposition,NSIP_presupposition
stop,ADJ,compliant,prep_of,NSIP,presupposition,NSIP_presupposition
stop,ADJ,exciting,ccomp,NSIP,presupposition,NSIP_presupposition
stop,ADJ,glad,"xcomp;prep_with;purpcl;ccomp;prep_about,infmod;prep",NSIP,presupposition,NSIP_presupposition
stop,ADJ,interesting,nsubj,NSIP,presupposition,NSIP_presupposition
stop,ADJ,irrelevant,nsubj,NSIP,presupposition,NSIP_presupposition
stop,ADJ,obvious,xcomp;nsubj;ccomp,NSIP,presupposition,NSIP_presupposition
stop,ADJ,odd,xcomp;nsubj;ccomp,NSIP,presupposition,NSIP_presupposition
stop,ADJ,relevant,nsubj,NSIP,presupposition,NSIP_presupposition
stop,ADJ,responsible,prep_of;prep_for,NSIP,presupposition,NSIP_presupposition
stop,ADJ,sad,prep_about;prep_for;ccomp,NSIP,presupposition,NSIP_presupposition
stop,ADJ,significant,ccomp,NSIP,presupposition,NSIP_presupposition
stop,ADJ,sorry,prep_about;prep_for;ccomp,NSIP,presupposition,NSIP_presupposition
stop,ADJ,strange,xcomp;nsubj;ccomp,NSIP,presupposition,NSIP_presupposition
stop,ADJ,sure,prep_about,NSIP,presupposition,NSIP_presupposition
stop,ADJ,tragic,ccomp,NSIP,presupposition,NSIP_presupposition
stop,ADJ,unfortunate,xcomp;nsubj;ccomp,NSIP,presupposition,NSIP_presupposition
stop,ADJ,well-known,nsubj;ccomp,NSIP,presupposition,NSIP_presupposition
suggest,VERB,assume,ccomp,NSIP,epistemic_ii,NSIP_epistemic_ii
suggest,VERB,suggest,ccomp,NSIP,epistemic_ii,NSIP_epistemic_ii
suggest,NOUN,assumption,prep_of;ccomp,NSIP,epistemic_ii,NSIP_epistemic_ii
suggest,NOUN,suspicion,prep_of,NSIP,epistemic_ii,NSIP_epistemic_ii
suggest,ADJ,conceivable,ccomp,NSIP,epistemic_ii,NSIP_epistemic_ii
sure,VERB,mean,ccomp,SIP,opinion_reporting_i,SIP_opinion_reporting_i
sure,ADJ,certain,ccomp,SIP,opinion_reporting_i,SIP_opinion_reporting_i
sure,ADJ,sure,ccomp,SIP,opinion_reporting_i,SIP_opinion_reporting_i
think,VERB,believe,purpcl;dobj;ccomp,SIP,opinion_reporting_i,SIP_opinion_reporting_i
think,VERB,consider,acomp,SIP,opinion_reporting_i,SIP_opinion_reporting_i
think,VERB,file,dobj,SIP,opinion_reporting_i,SIP_opinion_reporting_i
think,VERB,find,xcomp;purpcl,SIP,opinion_reporting_i,SIP_opinion_reporting_i
think,VERB,reckon,xcomp;purpcl;ccomp,SIP,opinion_reporting_i,SIP_opinion_reporting_i
think,VERB,see,prep_as;acomp,SIP,opinion_reporting_i,SIP_opinion_reporting_i
think,VERB,sees,dobj;ccomp,SIP,opinion_reporting_i,SIP_opinion_reporting_i
think,VERB,think,xcomp;purpcl;dobj;nsubjpass;ccomp,SIP,opinion_reporting_i,SIP_opinion_reporting_i
think,VERB,thought,purpcl;dobj;nsubjpass;ccomp,SIP,opinion_reporting_i,SIP_opinion_reporting_i
think,VERB,value,prep_at,SIP,opinion_reporting_i,SIP_opinion_reporting_i
think,VERB,view,ccomp,SIP,opinion_reporting_i,SIP_opinion_reporting_i
think,NOUN,confidence,ccomp,SIP,opinion_reporting_i,SIP_opinion_reporting_i
think,NOUN,thought,xcomp;purpcl;nsubjpass;prep_of;ccomp,SIP,opinion_reporting_i,SIP_opinion_reporting_i
think,NOUN,view,prep_as;ccomp,SIP,opinion_reporting_i,SIP_opinion_reporting_i
uncertainty,NOUN,uncertainty,prep_of;prep_about;ifcomp;ccomp,NSIP,epistemic_i,NSIP_epistemic_i
uncertainty,ADJ,uncertain,ifcomp;ccomp,NSIP,epistemic_i,NSIP_epistemic_i
unsure,VERB,dream,ccomp,SIP,opinion_reporting_i,SIP_opinion_reporting_i
unsure,ADJ,unsure,ccomp,SIP,opinion_reporting_i,SIP_opinion_reporting_i
want,VERB,accept,xcomp,NSIP,projective,NSIP_projective
want,VERB,advocate,dobj,NSIP,projective,NSIP_projective
want,VERB,aim,prep_at,NSIP,projective,NSIP_projective
want,VERB,appeal,prep_for,NSIP,projective,NSIP_projective
want,VERB,ask,xcomp;purpcl,NSIP,projective,NSIP_projective
want,VERB,await,xcomp;purpcl;dobj,NSIP,projective,NSIP_projective
want,VERB,bid,xcomp;purpcl,NSIP,projective,NSIP_projective
want,VERB,call,xcomp;prep_for;prep,NSIP,projective,NSIP_projective
want,VERB,charge,prep_with,NSIP,projective,NSIP_projective
want,VERB,choose,ifcomp,NSIP,projective,NSIP_projective
want,VERB,compel,xcomp;purpcl,NSIP,projective,NSIP_projective
want,VERB,demand,ccomp;dobj,NSIP,projective,NSIP_projective
want,VERB,depend,prep_on;prep,NSIP,projective,NSIP_projective
want,VERB,deserve,xcomp;dobj;ccomp,NSIP,projective,NSIP_projective
want,VERB,design,xcomp;purpcl,NSIP,projective,NSIP_projective
want,VERB,determine,xcomp;purpcl,NSIP,projective,NSIP_projective
want,VERB,devote,purpcl;xcomp,NSIP,projective,NSIP_projective
want,VERB,encourage,xcomp;purpcl,NSIP,projective,NSIP_projective
want,VERB,enforce,prep_of;dobj,NSIP,projective,NSIP_projective
want,VERB,entitle,xcomp;purpcl,NSIP,projective,NSIP_projective
want,VERB,establish,xcomp;purpcl;dobj;ccomp,NSIP,projective,NSIP_projective
want,VERB,expect,xcomp;purpcl,NSIP,projective,NSIP_projective
want,VERB,fancy,xcomp;purpcl;dobj,NSIP,projective,NSIP_projective
want,VERB,favor,xcomp;dobj,NSIP,projective,NSIP_projective
want,VERB,hold,prep_for,NSIP,projective,NSIP_projective
want,VERB,hope,xcomp;purpcl;ccomp,NSIP,projective,NSIP_projective
want,VERB,invite,xcomp,NSIP,projective,NSIP_projective
want,VERB,lead,prep_to,NSIP,projective,NSIP_projective
want,VERB,like,prep_to;xcomp;purpcl,NSIP,projective,NSIP_projective
want,VERB,love,prep_to;xcomp;purpcl,NSIP,projective,NSIP_projective
want,VERB,need,xcomp;purpcl;infmod;dobj,NSIP,projective,NSIP_projective
want,VERB,negotiate,xcomp;prep_for;infmod;purpcl;dobj,NSIP,projective,NSIP_projective
want,VERB,offer,xcomp;purpcl,NSIP,projective,NSIP_projective
want,VERB,order,xcomp;purpcl;dobj,NSIP,projective,NSIP_projective
want,VERB,pay,xcomp;purpcl,NSIP,projective,NSIP_projective
want,VERB,permit,xcomp;purpcl;dobj,NSIP,projective,NSIP_projective
want,VERB,plan,xcomp;purpcl,NSIP,projective,NSIP_projective
want,VERB,pledge,xcomp;purpcl,NSIP,projective,NSIP_projective
want,VERB,poised,xcomp;purpcl;infmod,NSIP,projective,NSIP_projective
want,VERB,prefer,xcomp;purpcl,NSIP,projective,NSIP_projective
want,VERB,prepare,xcomp,NSIP,projective,NSIP_projective
want,VERB,press,xcomp;purpcl,NSIP,projective,NSIP_projective
want,VERB,price,xcomp;purpcl,NSIP,projective,NSIP_projective
want,VERB,prohibit,xcomp;purpcl;dobj;prep_from;prep,NSIP,projective,NSIP_projective
want,VERB,propose,purpcl;xcomp;nsubjpass;dobj,NSIP,projective,NSIP_projective
want,VERB,protect,purpcl;xcomp,NSIP,projective,NSIP_projective
want,VERB,provide,ccomp,NSIP,projective,NSIP_projective
want,VERB,request,dobj,NSIP,projective,NSIP_projective
want,VERB,require,ccomp;dobj,NSIP,projective,NSIP_projective
want,VERB,schedule,xcomp;prep_for,NSIP,projective,NSIP_projective
want,VERB,search,xcomp;prep_for;purpcl,NSIP,projective,NSIP_projective
want,VERB,seek,xcomp;purpcl;prep_for;dobj,NSIP,projective,NSIP_projective
want,VERB,sell,xcomp;purpcl,NSIP,projective,NSIP_projective
want,VERB,sense,xcomp;purpcl,NSIP,projective,NSIP_projective
want,VERB,set,xcomp;purpcl;prep_for,NSIP,projective,NSIP_projective
want,VERB,sign,xcomp;purpcl,NSIP,projective,NSIP_projective
want,VERB,suggest,xcomp;purpcl,NSIP,projective,NSIP_projective
want,VERB,target,prep_for;dobj,NSIP,projective,NSIP_projective
want,VERB,threaten,xcomp;purpcl;prep_with;prep,NSIP,projective,NSIP_projective
want,VERB,urge,xcomp;purpcl,NSIP,projective,NSIP_projective
want,VERB,vote,xcomp;purpcl,NSIP,projective,NSIP_projective
want,VERB,vow,xcomp;purpcl,NSIP,projective,NSIP_projective
want,VERB,wait,xcomp;purpcl,NSIP,projective,NSIP_projective
want,VERB,want,xcomp;purpcl;prep_for,NSIP,projective,NSIP_projective
want,VERB,wish,xcomp;purpcl;ccomp,NSIP,projective,NSIP_projective
want,VERB,work,xcomp;purpcl,NSIP,projective,NSIP_projective
want,NOUN,ability,xcomp;purpcl;infmod,NSIP,projective,NSIP_projective
want,NOUN,access,xcomp;purpcl;infmod,NSIP,projective,NSIP_projective
want,NOUN,agreement,xcomp;purpcl;infmod,NSIP,projective,NSIP_projective
want,NOUN,approach,prep_to;prep_for,NSIP,projective,NSIP_projective
want,NOUN,argument,xcomp;prep_for;purpcl,NSIP,projective,NSIP_projective
want,NOUN,authorization,xcomp;purpcl;infmod,NSIP,projective,NSIP_projective
want,NOUN,bid,xcomp;infmod;purpcl,NSIP,projective,NSIP_projective
want,NOUN,call,xcomp;purpcl;infmod,NSIP,projective,NSIP_projective
want,NOUN,charge,prep_of,NSIP,projective,NSIP_projective
want,NOUN,clearance,xcomp;purpcl;infmod,NSIP,projective,NSIP_projective
want,NOUN,conversation,xcomp,NSIP,projective,NSIP_projective
want,NOUN,decision,xcomp;purpcl;infmod,NSIP,projective,NSIP_projective
want,NOUN,delay,prep_of,NSIP,projective,NSIP_projective
want,NOUN,demand,prep_of;ccomp,NSIP,projective,NSIP_projective
want,NOUN,desire,prep_of;xcomp;purpcl,NSIP,projective,NSIP_projective
want,NOUN,development,prep_of,NSIP,projective,NSIP_projective
want,NOUN,enforcement,prep_of;prep,NSIP,projective,NSIP_projective
want,NOUN,evidence,xcomp,NSIP,projective,NSIP_projective
want,NOUN,goal,xcomp,NSIP,projective,NSIP_projective
want,NOUN,hope,xcomp;prep_of,NSIP,projective,NSIP_projective
want,NOUN,intent,xcomp;purpcl;prep_on;prep_of;infmod,NSIP,projective,NSIP_projective
want,NOUN,intention,xcomp;purpcl;prep_of;infmod;prep,NSIP,projective,NSIP_projective
want,NOUN,invitation,xcomp;purpcl;infmod,NSIP,projective,NSIP_projective
want,NOUN,need,prep_of;xcomp;infmod;purpcl,NSIP,projective,NSIP_projective
want,NOUN,negotiation,prep_of;prep_for;xcomp;purpcl;infmod,NSIP,projective,NSIP_projective
want,NOUN,offer,xcomp;purpcl;infmod,NSIP,projective,NSIP_projective
want,NOUN,option,xcomp;purpcl;infmod,NSIP,projective,NSIP_projective
want,NOUN,order,xcomp;purpcl;infmod;dobj,NSIP,projective,NSIP_projective
want,NOUN,permission,xcomp;purpcl;infmod;prep_for,NSIP,projective,NSIP_projective
want,NOUN,permit,xcomp;purpcl;infmod,NSIP,projective,NSIP_projective
want,NOUN,plan,xcomp;purpcl;infmod,NSIP,projective,NSIP_projective
want,NOUN,potential,xcomp;purpcl;prep_of;infmod;prep_for,NSIP,projective,NSIP_projective
want,NOUN,preference,xcomp;purpcl;infmod;prep_for,NSIP,projective,NSIP_projective
want,NOUN,proposal,prep_of;prep_for;prep;infmod,NSIP,projective,NSIP_projective
want,NOUN,right,xcomp;purpcl;infmod,NSIP,projective,NSIP_projective
want,NOUN,search,prep_of;prep_for;xcomp;prep;purpcl,NSIP,projective,NSIP_projective
want,NOUN,struggle,xcomp;prep_for;infmod;purpcl,NSIP,projective,NSIP_projective
want,NOUN,subject,prep_to;xcomp;infmod;purpcl,NSIP,projective,NSIP_projective
want,NOUN,threat,prep_of;prep,NSIP,projective,NSIP_projective
want,NOUN,willingness,xcomp;purpcl;infmod,NSIP,projective,NSIP_projective
want,NOUN,wish,xcomp;purpcl;prep_of;ccomp,NSIP,projective,NSIP_projective
want,ADJ,able,prep_of,NSIP,projective,NSIP_projective
want,ADJ,anxious,xcomp;purpcl;infmod,NSIP,projective,NSIP_projective
want,ADJ,better,xcomp;purpcl;infmod,NSIP,projective,NSIP_projective
want,ADJ,capable,prep_of,NSIP,projective,NSIP_projective
want,ADJ,certain,ifcomp,NSIP,projective,NSIP_projective
want,ADJ,conditional,prep_on,NSIP,projective,NSIP_projective
want,ADJ,dependent,prep_on;prep,NSIP,projective,NSIP_projective
want,ADJ,difficult,xcomp,NSIP,projective,NSIP_projective
want,ADJ,eager,xcomp;purpcl;infmod,NSIP,projective,NSIP_projective
want,ADJ,eligible,xcomp;prep_for,NSIP,projective,NSIP_projective
want,ADJ,important,xcomp;infmod;ccomp,NSIP,projective,NSIP_projective
want,ADJ,intent,prep_on,NSIP,projective,NSIP_projective
want,ADJ,keen,xcomp;purpcl;prep_on;infmod;prep_for;prep,NSIP,projective,NSIP_projective
want,ADJ,lucky,xcomp;infmod;ccomp,NSIP,projective,NSIP_projective
want,ADJ,necessary,xcomp;infmod;ccomp,NSIP,projective,NSIP_projective
want,ADJ,negative,xcomp;infmod,NSIP,projective,NSIP_projective
want,ADJ,poised,xcomp;purpcl;infmod,NSIP,projective,NSIP_projective
want,ADJ,positive,xcomp;infmod,NSIP,projective,NSIP_projective
want,ADJ,ready,xcomp;purpcl;infmod,NSIP,projective,NSIP_projective
want,ADJ,reluctant,xcomp;purpcl;infmod,NSIP,projective,NSIP_projective
want,ADJ,responsible,xcomp;purpcl;infmod,NSIP,projective,NSIP_projective
want,ADJ,sufficient,xcomp;infmod,NSIP,projective,NSIP_projective
want,ADJ,unwilling,xcomp;purpcl;infmod,NSIP,projective,NSIP_projective
want,ADJ,urgent,xcomp;infmod;ccomp,NSIP,projective,NSIP_projective
want,ADJ,vital,xcomp;ccomp;infmod;nsubj,NSIP,projective,NSIP_projective
want,ADJ,willing,xcomp;purpcl;infmod,NSIP,projective,NSIP_projective
want,ADJ,worse,xcomp;purpcl;infmod,NSIP,projective,NSIP_projective
want,ADJ,worthwhile,xcomp;ccomp;nsubj,NSIP,projective,NSIP_projective
wonder,VERB,ask,ifcomp,SIP,interrogative,SIP_interrogative
wonder,VERB,check,ifcomp;ccomp,SIP,interrogative,SIP_interrogative
wonder,VERB,choose,ifcomp,SIP,interrogative,SIP_interrogative
wonder,VERB,determine,ifcomp,SIP,interrogative,SIP_interrogative
wonder,VERB,hope,xcomp;purpcl;ccomp,SIP,interrogative,SIP_interrogative
wonder,VERB,investigate,ifcomp,SIP,interrogative,SIP_interrogative
wonder,VERB,mean,xcomp;purpcl,SIP,interrogative,SIP_interrogative
wonder,VERB,oppose,dobj;ccomp,SIP,interrogative,SIP_interrogative
wonder,VERB,question,ccomp,SIP,interrogative,SIP_interrogative
wonder,VERB,say,prep_of,SIP,interrogative,SIP_interrogative
wonder,VERB,verify,ifcomp;ccomp,SIP,interrogative,SIP_interrogative
wonder,VERB,vow,ccomp,SIP,interrogative,SIP_interrogative
wonder,VERB,wonder,ifcomp;ccomp,SIP,interrogative,SIP_interrogative
wonder,NOUN,call,xcomp;purpcl;infmod,SIP,interrogative,SIP_interrogative
wonder,NOUN,hope,xcomp;purpcl;infmod;ccomp,SIP,interrogative,SIP_interrogative
wonder,NOUN,talk,prep_about;prep,SIP,interrogative,SIP_interrogative
wonder,ADJ,worthwhile,xcomp;ccomp;nsubj,SIP,interrogative,SIP_interrogative
